name,category,score
NC_007636.1,Phage,0.996676921844482
NC_030928.1,Phage,0.928595304489135
NC_030937.1,Phage,0.939341843128204
NC_041844.1,Phage,0.908992171287536
NC_041845.1,Phage,0.888241410255432
NC_041846.1,Phage,0.940102934837341
NC_041847.1,Phage,0.874104857444763
NC_041848.1,Phage,0.734172940254211
NC_041849.1,Phage,0.889682531356811
NC_041850.1,Phage,0.935466170310974
NC_041852.1,Phage,0.946950674057006
NC_041853.1,Phage,0.939475178718566
NC_041854.1,Phage,0.987247705459594
NC_041855.1,Phage,0.915209114551544
NC_041856.1,Phage,0.981868386268615
NC_041857.1,Phage,0.835396766662597
NC_041858.1,Phage,0.994907200336456
NC_041859.1,Phage,0.75724846124649
NC_041860.1,Phage,0.96075290441513
NC_041861.1,Phage,0.960304975509643
NC_041862.1,Phage,0.998133897781372
NC_041863.1,Phage,0.975614547729492
NC_041864.1,Phage,0.978551745414733
NC_041865.1,Phage,0.919360160827636
NC_041866.1,Bacteria,0.49464538693428
NC_041867.1,Phage,0.816779851913452
NC_041868.1,Phage,0.88004332780838
NC_041869.1,Phage,0.9675914645195
NC_041870.1,Phage,0.910600841045379
NC_041871.1,Phage,0.941357672214508
NC_041872.1,Phage,0.949398756027221
NC_041873.1,Phage,0.959705591201782
NC_041874.1,Phage,0.959573447704315
NC_041875.1,Phage,0.928893327713012
NC_041876.1,Phage,0.875925064086914
NC_041877.1,Phage,0.884912610054016
NC_041878.1,Phage,0.941028773784637
NC_041879.1,Phage,0.987985372543335
NC_041880.1,Phage,0.995957612991333
NC_041881.1,Phage,0.980464518070221
NC_041882.1,Phage,0.935940206050872
NC_041883.1,Phage,0.886850595474243
NC_041884.1,Phage,0.911282241344451
NC_041885.1,Phage,0.988658249378204
NC_041886.1,Phage,0.946725964546203
NC_041887.1,Phage,0.971188127994537
NC_041888.1,Phage,0.87416124343872
NC_041889.1,Phage,0.958543419837951
NC_041890.1,Phage,0.880588889122009
NC_041891.1,Phage,0.841908037662506
NC_041892.1,Phage,0.884553611278533
NC_041893.1,Phage,0.823075532913208
NC_041894.1,Phage,0.814985871315002
NC_041895.1,Phage,0.889985024929046
NC_041896.1,Phage,0.936715245246887
NC_041897.1,Phage,0.955696463584899
NC_041898.1,Phage,0.958195686340332
NC_041899.1,Phage,0.949571907520294
NC_041900.1,Phage,0.914995551109314
NC_041901.1,Phage,0.950901269912719
NC_041902.1,Phage,0.893117606639862
NC_041903.1,Phage,0.993223488330841
NC_041904.1,Phage,0.982165217399597
NC_041905.1,Phage,0.986218869686126
NC_041906.1,Phage,0.983927547931671
NC_041907.1,Phage,0.994391083717346
NC_041908.1,Phage,0.664346277713775
NC_041909.1,Phage,0.849878907203674
NC_041910.1,Phage,0.975045919418335
NC_041911.1,Phage,0.838522732257843
NC_041912.1,Phage,0.992223143577575
NC_041913.1,Phage,0.944396138191223
NC_041914.1,Phage,0.998165249824523
NC_041915.1,Phage,0.992379069328308
NC_041916.1,Phage,0.94812661409378
NC_041917.1,Phage,0.922697067260742
NC_041918.1,Phage,0.887016713619232
NC_041919.1,Phage,0.918769836425781
NC_041920.1,Phage,0.966743111610412
NC_041921.1,Phage,0.915281057357788
NC_041922.1,Phage,0.995112061500549
NC_041923.1,Phage,0.974271416664123
NC_041924.1,Phage,0.843924283981323
NC_041925.1,Phage,0.92151391506195
NC_041926.1,Phage,0.83786803483963
NC_041927.1,Phage,0.803601741790771
NC_041928.1,Phage,0.988573253154754
NC_041929.1,Phage,0.919282436370849
NC_041930.1,Phage,0.970713973045349
NC_041931.1,Phage,0.95548677444458
NC_041932.1,Phage,0.975981175899505
NC_041933.1,Phage,0.978946149349212
NC_041934.1,Phage,0.963662266731262
NC_041935.1,Phage,0.838841140270233
NC_041936.1,Phage,0.972214579582214
NC_041937.1,Phage,0.931427538394928
NC_041938.1,Phage,0.998905420303344
NC_041939.1,Phage,0.994922041893005
NC_041940.1,Phage,0.976435899734497
NC_041941.1,Phage,0.988795816898346
NC_041942.1,Phage,0.992994785308837
NC_041943.1,Phage,0.970870196819305
NC_041944.1,Phage,0.975208699703216
NC_041945.1,Phage,0.98853850364685
NC_041946.1,Phage,0.973018765449523
NC_041947.1,Phage,0.997078716754913
NC_041948.1,Phage,0.987471282482147
NC_041949.1,Phage,0.989890336990356
NC_041950.1,Phage,0.921424508094787
NC_041951.1,Phage,0.991166055202484
NC_041952.1,Phage,0.990755259990692
NC_041953.1,Phage,0.874303579330444
NC_041954.1,Phage,0.854901611804962
NC_041955.1,Phage,0.795036733150482
NC_041956.1,Phage,0.905240774154663
NC_041957.1,Phage,0.814623534679412
NC_041958.1,Phage,0.946624398231506
NC_041959.1,Phage,0.985080897808075
NC_041960.1,Phage,0.980688333511352
NC_041961.1,Phage,0.88570499420166
NC_041962.1,Phage,0.893458247184753
NC_041963.1,Phage,0.996499896049499
NC_041964.1,Phage,0.805115878582
NC_041965.1,Phage,0.888553500175476
NC_041966.1,Phage,0.868150651454925
NC_041967.1,Phage,0.984816193580627
NC_041968.1,Phage,0.989388406276702
NC_041969.1,Phage,0.966887354850769
NC_041970.1,Phage,0.94097888469696
NC_041971.1,Phage,0.930243968963623
NC_041972.1,Phage,0.885300815105438
NC_041973.1,Phage,0.885316789150238
NC_041974.1,Phage,0.859966099262237
NC_041975.1,Phage,0.870426416397094
NC_041976.1,Phage,0.820838093757629
NC_041977.1,Phage,0.993075251579284
NC_041978.1,Phage,0.992163062095642
NC_041979.1,Phage,0.976262629032135
NC_041980.1,Phage,0.958934009075164
NC_041981.1,Phage,0.957323908805847
NC_041982.1,Phage,0.935882329940795
NC_041983.1,Phage,0.912333071231842
NC_041984.1,Phage,0.985512852668762
NC_041985.1,Phage,0.953198075294494
NC_041986.1,Phage,0.915277898311615
NC_041987.1,Phage,0.941541075706481
NC_041988.1,Phage,0.915177106857299
NC_041989.1,Phage,0.919659376144409
NC_041990.1,Phage,0.959992885589599
NC_041991.1,Phage,0.955560207366943
NC_041992.1,Phage,0.950454175472259
NC_041993.1,Phage,0.947332620620727
NC_041994.1,Phage,0.939151883125305
NC_041995.1,Phage,0.953904032707214
NC_041996.1,Phage,0.969944298267364
NC_041997.1,Phage,0.942494630813598
NC_041998.1,Phage,0.776400446891784
NC_041999.1,Phage,0.951780080795288
NC_042000.1,Phage,0.972185492515564
NC_042001.1,Phage,0.971283733844757
NC_042002.1,Phage,0.888374328613281
NC_042003.1,Phage,0.996539711952209
NC_042004.1,Phage,0.998189210891723
NC_042005.1,Phage,0.99634963274002
NC_042006.1,Phage,0.985900223255157
NC_042007.1,Phage,0.994629800319671
NC_042008.1,Phage,0.984967112541198
NC_042009.1,Phage,0.993959844112396
NC_042010.1,Phage,0.995485246181488
NC_042011.1,Phage,0.997337877750396
NC_042012.1,Phage,0.986575424671173
NC_042013.1,Phage,0.886140882968902
NC_042014.1,Phage,0.958089530467987
NC_042015.1,Phage,0.976419568061828
NC_042016.1,Phage,0.95070195198059
NC_042017.1,Phage,0.982188940048217
NC_042018.1,Phage,0.947470784187316
NC_042019.1,Phage,0.90721982717514
NC_042020.1,Phage,0.915170669555664
NC_042021.1,Phage,0.937710464000701
NC_042022.1,Phage,0.955952167510986
NC_042023.1,Phage,0.956712067127227
NC_042024.1,Phage,0.956150591373443
NC_042025.1,Phage,0.882170438766479
NC_042027.1,Phage,0.964252471923828
NC_042028.1,Phage,0.842059612274169
NC_042029.1,Phage,0.913378596305847
NC_042030.1,Phage,0.854137897491455
NC_042031.1,Phage,0.972815573215484
NC_042032.1,Phage,0.946258068084716
NC_042033.1,Phage,0.988683402538299
NC_042034.1,Phage,0.928346991539001
NC_042035.1,Phage,0.928845286369323
NC_042036.1,Phage,0.947192847728729
NC_042038.1,Phage,0.965989828109741
NC_042039.1,Phage,0.975076019763946
NC_042040.1,Phage,0.970172405242919
NC_042041.1,Phage,0.921473503112793
NC_042042.1,Phage,0.936520993709564
NC_042043.1,Phage,0.99516224861145
NC_042044.1,Phage,0.952581703662872
NC_042045.1,Phage,0.99735552072525
NC_042046.1,Phage,0.969924628734588
NC_042047.1,Phage,0.977441787719726
NC_042048.1,Phage,0.997867166996002
NC_042049.1,Phage,0.96868747472763
NC_042050.1,Phage,0.851809442043304
NC_042051.1,Phage,0.968481063842773
NC_042052.1,Phage,0.977666616439819
NC_042053.1,Phage,0.992052316665649
NC_042054.1,Phage,0.991781771183013
NC_042055.1,Phage,0.923362553119659
NC_042056.1,Phage,0.947580397129058
NC_042057.1,Phage,0.735083580017089
NC_042062.1,Phage,0.800640821456909
NC_042063.1,Phage,0.858922958374023
NC_042064.1,Phage,0.980501532554626
NC_042067.1,Phage,0.965095281600952
NC_042068.1,Phage,0.891825675964355
NC_042069.1,Phage,0.937564730644226
NC_042070.1,Phage,0.927412688732147
NC_042071.1,Phage,0.884126782417297
NC_042072.1,Phage,0.597149431705474
NC_042073.1,Bacteria,0.281901746988296
NC_042074.1,Phage,0.974951744079589
NC_042075.1,Phage,0.989233791828155
NC_042076.1,Phage,0.997935771942138
NC_042077.1,Phage,0.971065402030944
NC_042078.1,Phage,0.98085218667984
NC_042079.1,Phage,0.9057337641716
NC_042080.1,Phage,0.922041118144989
NC_042081.1,Phage,0.871261835098266
NC_042082.1,Phage,0.965481758117675
NC_042083.1,Phage,0.824386715888977
NC_042084.1,Phage,0.956974267959594
NC_042085.1,Phage,0.981151461601257
NC_042086.1,Phage,0.966187536716461
NC_042087.1,Phage,0.968265295028686
NC_042088.1,Phage,0.879963397979736
NC_042089.1,Phage,0.930229663848877
NC_042090.1,Phage,0.972367584705352
NC_042091.1,Phage,0.927819669246673
NC_042092.1,Phage,0.958063066005706
NC_042093.1,Phage,0.944358885288238
NC_042094.1,Phage,0.968457996845245
NC_042095.1,Phage,0.986233115196228
NC_042096.1,Phage,0.978779137134552
NC_042097.1,Phage,0.975454151630401
NC_042098.1,Phage,0.886365473270416
NC_042099.1,Phage,0.912627637386322
NC_042100.1,Phage,0.964455306529998
NC_042101.1,Phage,0.953842163085937
NC_042102.1,Phage,0.912962794303894
NC_042103.1,Phage,0.991643249988555
NC_042104.1,Phage,0.996271133422851
NC_042105.1,Phage,0.972022056579589
NC_042106.1,Phage,0.942934453487396
NC_042107.1,Phage,0.986457467079162
NC_042108.1,Phage,0.960800170898437
NC_042109.1,Phage,0.991317868232727
NC_042110.1,Phage,0.9484703540802
NC_042111.1,Phage,0.952721536159515
NC_042112.1,Phage,0.886125206947326
NC_042113.1,Phage,0.988602399826049
NC_042114.1,Phage,0.974944472312927
NC_042115.1,Phage,0.988509595394134
NC_042116.1,Phage,0.862284541130065
NC_042117.1,Phage,0.989192843437194
NC_042118.1,Phage,0.994948744773864
NC_042119.1,Phage,0.987704396247863
NC_042120.1,Phage,0.941719770431518
NC_042121.1,Phage,0.965160965919494
NC_042122.1,Phage,0.955017149448394
NC_042123.1,Phage,0.928861021995544
NC_042124.1,Phage,0.991286158561706
NC_042125.1,Phage,0.955110788345336
NC_042126.1,Phage,0.95078819990158
NC_042127.1,Phage,0.940789222717285
NC_042128.1,Phage,0.542447984218597
NC_042129.1,Phage,0.952037870883941
NC_042130.1,Phage,0.972330868244171
NC_042131.1,Phage,0.999282002449035
NC_042132.1,Phage,0.817149937152862
NC_042137.1,Phage,0.967103719711303
NC_042138.1,Phage,0.963807523250579
NC_042139.2,Phage,0.708163082599639
NC_042140.1,Phage,0.991112351417541
NC_042308.1,Phage,0.935739457607269
NC_042309.1,Phage,0.941993057727813
NC_042310.1,Phage,0.945209562778472
NC_042311.1,Phage,0.958568513393402
NC_042312.1,Phage,0.958855986595153
NC_042313.1,Phage,0.988938212394714
NC_042314.1,Phage,0.949993908405304
NC_042315.1,Phage,0.908837437629699
NC_042316.1,Phage,0.890127003192901
NC_042317.1,Phage,0.846852779388427
NC_042318.1,Phage,0.936889946460723
NC_042319.1,Phage,0.922401428222656
NC_042320.1,Phage,0.946191906929016
NC_042321.1,Phage,0.96419358253479
NC_042322.1,Phage,0.848399639129638
NC_042323.1,Phage,0.884926497936248
NC_042324.1,Phage,0.947973072528839
NC_042325.1,Phage,0.959079325199127
NC_042326.1,Phage,0.949344217777252
NC_042327.1,Phage,0.973473191261291
NC_042328.1,Phage,0.96672248840332
NC_042329.1,Phage,0.931930363178253
NC_042330.1,Phage,0.949702262878418
NC_042331.1,Phage,0.954414427280426
NC_042332.1,Phage,0.978593230247497
NC_042333.1,Phage,0.961592435836792
NC_042334.1,Phage,0.936772346496582
NC_042335.1,Phage,0.939854264259338
NC_042336.1,Phage,0.895848095417022
NC_042337.1,Phage,0.949122190475463
NC_042338.1,Phage,0.984319746494293
NC_042339.1,Phage,0.945390403270721
NC_042340.1,Phage,0.941939413547515
NC_042341.1,Phage,0.936465799808502
NC_042342.1,Phage,0.71885460615158
NC_042343.1,Phage,0.999256134033203
NC_042344.1,Phage,0.843342661857605
NC_042345.1,Phage,0.775849521160125
NC_042349.1,Phage,0.950102746486663
NC_042350.1,Phage,0.970728993415832
NC_042354.1,Phage,0.979231595993042
NC_042355.1,Phage,0.994527101516723
NC_043027.1,Phage,0.865065693855285
NC_043028.1,Phage,0.737088084220886
NC_043029.1,Phage,0.724695026874542
NC_043767.1,Phage,0.82328850030899
NC_045425.1,Phage,0.999735414981842
NC_047712.1,Phage,0.99510258436203
NC_047713.1,Phage,0.995547890663147
NC_047714.1,Phage,0.996790409088134
NC_047715.1,Phage,0.979959428310394
NC_047716.1,Phage,0.984614610671997
NC_047717.1,Phage,0.984251260757446
NC_047718.1,Phage,0.98231291770935
NC_047719.1,Phage,0.983513712882995
NC_047720.1,Phage,0.998138308525085
NC_047721.1,Phage,0.99302589893341
NC_047722.1,Phage,0.995623469352722
NC_047723.1,Phage,0.998511970043182
NC_047724.1,Phage,0.994570314884185
NC_047725.1,Phage,0.99825096130371
NC_047726.1,Phage,0.996236681938171
NC_047727.1,Phage,0.989889204502105
NC_047728.1,Phage,0.993548452854156
NC_047729.1,Phage,0.997068583965301
NC_047730.1,Phage,0.995423436164856
NC_047731.1,Phage,0.993177890777587
NC_047732.1,Phage,0.986044943332672
NC_047733.1,Phage,0.989612460136413
NC_047734.1,Phage,0.986091196537017
NC_047735.1,Phage,0.987306475639343
NC_047736.1,Phage,0.979638576507568
NC_047737.1,Phage,0.998192727565765
NC_047738.1,Phage,0.907569825649261
NC_047739.1,Phage,0.896478533744812
NC_047740.1,Phage,0.962546229362487
NC_047741.1,Phage,0.998863399028778
NC_047742.1,Phage,0.942411422729492
NC_047743.1,Phage,0.986666858196258
NC_047744.1,Phage,0.984285354614257
NC_047745.1,Phage,0.995587766170501
NC_047746.1,Phage,0.999358177185058
NC_047747.1,Phage,0.991021811962127
NC_047748.1,Phage,0.998699247837066
NC_047749.1,Phage,0.93800550699234
NC_047750.1,Phage,0.776440918445587
NC_047751.1,Phage,0.997562825679779
NC_047752.1,Phage,0.804739773273468
NC_047753.1,Phage,0.55133318901062
NC_047754.1,Phage,0.944969594478607
NC_047755.1,Phage,0.998346090316772
NC_047756.1,Phage,0.916318833827972
NC_047757.1,Phage,0.869507908821106
NC_047759.1,Phage,0.98850667476654
NC_047760.1,Phage,0.837743878364563
NC_047761.1,Phage,0.999395549297332
NC_047762.1,Phage,0.973646819591522
NC_047763.1,Phage,0.973897039890289
NC_047764.1,Phage,0.905990719795227
NC_047765.1,Phage,0.604679465293884
NC_047766.1,Phage,0.99717378616333
NC_047767.1,Phage,0.994058668613433
NC_047768.1,Phage,0.988218188285827
NC_047769.1,Phage,0.995648622512817
NC_047770.1,Phage,0.931356310844421
NC_047771.1,Phage,0.999738574028015
NC_047772.1,Phage,0.999702453613281
NC_047773.1,Phage,0.999692618846893
NC_047774.1,Phage,0.999518275260925
NC_047775.1,Phage,0.778500497341156
NC_047776.1,Phage,0.899693191051483
NC_047777.1,Phage,0.998152911663055
NC_047778.1,Phage,0.994402289390564
NC_047779.1,Phage,0.993412435054779
NC_047780.1,Phage,0.99966812133789
NC_047781.1,Phage,0.999701917171478
NC_047782.1,Phage,0.999733865261077
NC_047783.1,Phage,0.999626159667968
NC_047784.1,Phage,0.964296758174896
NC_047785.1,Phage,0.922480702400207
NC_047786.1,Phage,0.865018963813781
NC_047787.1,Phage,0.99698781967163
NC_047788.1,Phage,0.703401982784271
NC_047789.1,Phage,0.995522797107696
NC_047790.1,Phage,0.669941246509552
NC_047791.1,Phage,0.966292917728424
NC_047792.1,Phage,0.859695553779602
NC_047793.1,Phage,0.884223520755767
NC_047794.1,Phage,0.901325047016143
NC_047795.1,Phage,0.914953172206878
NC_047796.1,Phage,0.959642708301544
NC_047797.2,Phage,0.999511420726776
NC_047798.1,Phage,0.999702811241149
NC_047799.1,Phage,0.999757170677185
NC_047800.1,Phage,0.996200501918792
NC_047801.2,Phage,0.999348163604736
NC_047802.1,Phage,0.999614059925079
NC_047803.1,Phage,0.999471306800842
NC_047804.1,Phage,0.90374219417572
NC_047805.1,Phage,0.9979949593544
NC_047806.1,Phage,0.993448674678802
NC_047807.1,Phage,0.994333148002624
NC_047808.1,Phage,0.998460531234741
NC_047809.1,Phage,0.998077571392059
NC_047810.1,Phage,0.968220889568328
NC_047811.1,Phage,0.999126374721527
NC_047812.1,Phage,0.973580718040466
NC_047813.1,Phage,0.660718739032745
NC_047814.1,Phage,0.716350376605987
NC_047815.1,Phage,0.949204623699188
NC_047816.1,Phage,0.950086116790771
NC_047817.1,Phage,0.693746149539947
NC_047818.1,Phage,0.591395676136016
NC_047819.1,Phage,0.996957123279571
NC_047820.1,Phage,0.968037188053131
NC_047821.1,Phage,0.997514367103576
NC_047822.1,Phage,0.957970201969146
NC_047823.1,Phage,0.967850685119628
NC_047824.1,Phage,0.962871253490448
NC_047825.1,Phage,0.947252810001373
NC_047826.1,Phage,0.999581217765808
NC_047827.1,Phage,0.999665141105651
NC_047828.1,Phage,0.953036367893219
NC_047829.1,Phage,0.996971786022186
NC_047830.1,Phage,0.978740274906158
NC_047831.1,Phage,0.915062427520752
NC_047832.1,Phage,0.936585009098053
NC_047833.1,Phage,0.811524808406829
NC_047834.1,Phage,0.984735965728759
NC_047835.1,Phage,0.96605497598648
NC_047836.1,Phage,0.998429417610168
NC_047837.1,Phage,0.803904354572296
NC_047838.1,Phage,0.985550761222839
NC_047839.1,Phage,0.890667498111724
NC_047840.1,Phage,0.993415474891662
NC_047841.1,Phage,0.951584339141845
NC_047842.1,Phage,0.998436987400054
NC_047843.1,Phage,0.999289870262146
NC_047844.1,Phage,0.998820066452026
NC_047845.1,Phage,0.966550648212432
NC_047846.1,Phage,0.995663464069366
NC_047847.1,Phage,0.959931135177612
NC_047848.1,Phage,0.97955971956253
NC_047849.1,Phage,0.98951643705368
NC_047850.1,Phage,0.95597755908966
NC_047851.1,Phage,0.957955479621887
NC_047852.1,Phage,0.992936074733734
NC_047853.1,Phage,0.994929134845733
NC_047854.1,Phage,0.64431482553482
NC_047855.1,Phage,0.602396965026855
NC_047857.1,Phage,0.999606728553772
NC_047858.1,Phage,0.985447943210601
NC_047859.1,Phage,0.954130232334137
NC_047860.1,Phage,0.994612634181976
NC_047861.1,Phage,0.714748620986938
NC_047862.1,Phage,0.842402160167694
NC_047863.1,Phage,0.934479415416717
NC_047864.1,Phage,0.999635875225067
NC_047865.1,Phage,0.995679676532745
NC_047866.1,Phage,0.991343319416046
NC_047867.1,Phage,0.99958860874176
NC_047868.1,Phage,0.999514400959014
NC_047869.1,Phage,0.997917532920837
NC_047870.1,Phage,0.986202478408813
NC_047871.1,Phage,0.990293502807617
NC_047872.1,Phage,0.983539938926696
NC_047873.1,Phage,0.999354898929596
NC_047874.1,Phage,0.99796324968338
NC_047875.1,Phage,0.873999238014221
NC_047880.1,Phage,0.967553198337554
NC_047881.1,Phage,0.962177038192749
NC_047882.1,Phage,0.983762741088867
NC_047883.1,Phage,0.999271690845489
NC_047886.1,Phage,0.999358296394348
NC_047887.1,Phage,0.993588685989379
NC_047888.1,Phage,0.987935304641723
NC_047889.1,Phage,0.998977482318878
NC_047890.1,Phage,0.97670978307724
NC_047891.1,Phage,0.874190330505371
NC_047892.1,Phage,0.942813694477081
NC_047893.1,Phage,0.978447377681732
NC_047894.1,Phage,0.997045218944549
NC_047895.1,Phage,0.993341147899627
NC_047896.1,Phage,0.999133586883544
NC_047897.1,Phage,0.800970315933227
NC_047898.1,Phage,0.919547379016876
NC_047899.1,Phage,0.998714983463287
NC_047900.1,Phage,0.922193646430969
NC_047901.1,Phage,0.936714768409729
NC_047902.1,Phage,0.756113290786743
NC_047903.1,Phage,0.999751269817352
NC_047904.1,Phage,0.994045674800872
NC_047905.1,Phage,0.963078796863555
NC_047906.1,Phage,0.994482159614563
NC_047907.1,Phage,0.969712734222412
NC_047908.1,Phage,0.985637664794921
NC_047909.1,Phage,0.90496951341629
NC_047910.1,Phage,0.96398651599884
NC_047911.1,Phage,0.873123586177825
NC_047912.1,Phage,0.875985264778137
NC_047913.1,Phage,0.920011341571807
NC_047914.1,Phage,0.841735363006591
NC_047915.1,Phage,0.84950315952301
NC_047916.1,Phage,0.758484840393066
NC_047917.1,Phage,0.998269200325012
NC_047918.1,Phage,0.908439517021179
NC_047919.1,Phage,0.678051114082336
NC_047920.1,Phage,0.983980953693389
NC_047921.1,Phage,0.956538021564483
NC_047922.1,Phage,0.999232530593872
NC_047923.1,Phage,0.999480426311492
NC_047924.1,Phage,0.967600047588348
NC_047925.1,Phage,0.793883442878723
NC_047926.1,Phage,0.947887480258941
NC_047927.1,Phage,0.999501347541809
NC_047929.1,Phage,0.987994253635406
NC_047930.1,Phage,0.976228654384613
NC_047931.1,Phage,0.855147242546081
NC_047932.1,Phage,0.9501433968544
NC_047933.1,Phage,0.997700154781341
NC_047934.1,Phage,0.999523878097534
NC_047935.1,Phage,0.999353885650634
NC_047936.1,Phage,0.993934154510498
NC_047937.1,Phage,0.999476611614227
NC_047938.1,Phage,0.927581250667572
NC_047939.1,Phage,0.999778866767883
NC_047940.1,Phage,0.988170742988586
NC_047941.1,Phage,0.999617636203765
NC_047942.1,Phage,0.999505341053009
NC_047944.1,Phage,0.985566258430481
NC_047945.1,Phage,0.968556225299835
NC_047946.1,Phage,0.988953828811645
NC_047947.1,Phage,0.930815696716308
NC_047948.1,Phage,0.980155527591705
NC_047950.1,Phage,0.955407381057739
NC_047951.1,Phage,0.9990895986557
NC_047952.1,Phage,0.996143043041229
NC_047953.1,Phage,0.979244947433471
NC_047954.1,Phage,0.997274458408355
NC_047955.1,Phage,0.990157067775726
NC_047956.1,Phage,0.998985111713409
NC_047957.1,Phage,0.99834144115448
NC_047958.1,Phage,0.869236588478088
NC_047959.1,Phage,0.938978970050811
NC_047960.1,Phage,0.967147767543792
NC_047961.1,Phage,0.999693512916564
NC_047962.1,Phage,0.833363234996795
NC_047963.1,Phage,0.999243736267089
NC_047964.1,Phage,0.99844866991043
NC_047965.1,Phage,0.971999168395996
NC_047966.1,Phage,0.973601937294006
NC_047967.1,Phage,0.996655821800231
NC_047968.1,Phage,0.999746203422546
NC_047969.1,Phage,0.999688565731048
NC_047970.1,Phage,0.998793244361877
NC_047971.1,Phage,0.999674022197723
NC_047972.1,Phage,0.980251431465148
NC_047973.1,Phage,0.793137669563293
NC_047974.1,Phage,0.886150121688842
NC_047975.1,Phage,0.785287916660308
NC_047976.1,Phage,0.971168637275695
NC_047977.1,Phage,0.885844111442565
NC_047978.1,Phage,0.960973978042602
NC_047979.1,Phage,0.96378880739212
NC_047980.1,Phage,0.999356269836425
NC_047981.1,Phage,0.99901533126831
NC_047982.1,Phage,0.999562561511993
NC_047983.1,Phage,0.682233452796936
NC_047984.1,Phage,0.998870372772216
NC_047985.1,Phage,0.9636190533638
NC_047986.1,Phage,0.939530134201049
NC_047987.1,Phage,0.971615374088287
NC_047988.1,Phage,0.958151996135711
NC_047989.1,Phage,0.947807013988494
NC_047990.1,Phage,0.971165060997009
NC_047991.1,Phage,0.840594887733459
NC_047992.1,Phage,0.868003845214843
NC_047993.1,Phage,0.961103916168212
NC_047994.1,Phage,0.9197998046875
NC_047995.1,Phage,0.963446140289306
NC_047996.1,Phage,0.948405742645263
NC_047997.1,Phage,0.998490869998931
NC_047998.1,Phage,0.942764222621917
NC_048002.1,Phage,0.990752100944519
NC_048003.1,Phage,0.865050137042999
NC_048004.1,Phage,0.999150693416595
NC_048005.1,Phage,0.960086226463317
NC_048006.1,Phage,0.969105541706085
NC_048007.1,Phage,0.962303280830383
NC_048008.1,Phage,0.951573431491851
NC_048009.1,Phage,0.939741015434265
NC_048010.1,Phage,0.945969879627227
NC_048011.1,Phage,0.969105541706085
NC_048012.1,Phage,0.95644199848175
NC_048013.1,Phage,0.942412137985229
NC_048014.1,Phage,0.999563574790954
NC_048015.1,Phage,0.972124993801116
NC_048016.1,Phage,0.906506657600402
NC_048017.1,Phage,0.959816336631774
NC_048018.1,Phage,0.881406486034393
NC_048019.1,Phage,0.816962778568267
NC_048020.1,Phage,0.97883141040802
NC_048021.1,Phage,0.822989642620086
NC_048022.1,Phage,0.942608058452606
NC_048023.1,Phage,0.99957400560379
NC_048024.1,Phage,0.95342868566513
NC_048025.1,Phage,0.999457657337188
NC_048026.1,Phage,0.980127453804016
NC_048027.1,Phage,0.946595251560211
NC_048028.1,Phage,0.957691490650177
NC_048029.1,Phage,0.907024621963501
NC_048035.1,Phage,0.984787940979003
NC_048036.1,Phage,0.999106645584106
NC_048038.1,Phage,0.950912296772003
NC_048039.1,Phage,0.862904846668243
NC_048040.1,Phage,0.919674336910247
NC_048041.1,Phage,0.98310649394989
NC_048042.1,Phage,0.964680671691894
NC_048043.1,Phage,0.964218318462371
NC_048044.1,Phage,0.947716891765594
NC_048045.1,Phage,0.937897980213165
NC_048046.1,Phage,0.855253219604492
NC_048047.1,Phage,0.907412230968475
NC_048048.1,Phage,0.912345647811889
NC_048049.1,Phage,0.936423301696777
NC_048052.1,Phage,0.999636530876159
NC_048053.1,Phage,0.879776954650878
NC_048054.1,Phage,0.947370469570159
NC_048055.1,Phage,0.970834553241729
NC_048056.1,Phage,0.99936956167221
NC_048057.1,Phage,0.999671578407287
NC_048058.1,Phage,0.996909737586975
NC_048059.1,Phage,0.999717056751251
NC_048060.1,Phage,0.999723315238952
NC_048061.1,Phage,0.994307875633239
NC_048062.1,Phage,0.964665591716766
NC_048063.1,Phage,0.998464167118072
NC_048064.1,Phage,0.998340308666229
NC_048065.1,Phage,0.961655497550964
NC_048067.1,Phage,0.865623116493225
NC_048068.1,Phage,0.789799094200134
NC_048069.1,Phage,0.828476309776306
NC_048070.1,Phage,0.608268439769744
NC_048071.1,Phage,0.999652445316314
NC_048072.1,Phage,0.941621899604797
NC_048073.1,Phage,0.916630327701568
NC_048074.1,Phage,0.963825821876525
NC_048075.1,Phage,0.949128150939941
NC_048076.1,Phage,0.997975409030914
NC_048077.1,Phage,0.921267688274383
NC_048078.1,Phage,0.999786674976348
NC_048079.1,Phage,0.999195575714111
NC_048080.1,Phage,0.962178111076355
NC_048081.1,Phage,0.999139249324798
NC_048082.1,Phage,0.999648451805114
NC_048083.1,Phage,0.823889732360839
NC_048084.1,Phage,0.943755090236663
NC_048085.1,Phage,0.947711825370788
NC_048086.1,Phage,0.962158560752868
NC_048087.1,Phage,0.96058177947998
NC_048088.1,Phage,0.86774069070816
NC_048089.1,Phage,0.954696118831634
NC_048090.1,Phage,0.952397465705871
NC_048091.1,Phage,0.910615861415863
NC_048092.1,Phage,0.919013619422912
NC_048093.1,Phage,0.992976903915405
NC_048094.1,Phage,0.91686737537384
NC_048095.1,Phage,0.904184341430664
NC_048096.1,Phage,0.85535842180252
NC_048097.1,Phage,0.939615964889526
NC_048098.1,Phage,0.933979988098144
NC_048099.1,Phage,0.915962994098663
NC_048100.1,Phage,0.900362193584442
NC_048101.1,Phage,0.982089221477508
NC_048103.1,Phage,0.998734354972839
NC_048105.1,Phage,0.989794373512268
NC_048106.1,Phage,0.934788286685943
NC_048107.1,Phage,0.618610143661499
NC_048108.1,Phage,0.999506950378418
NC_048109.1,Phage,0.524368107318878
NC_048110.1,Phage,0.972818553447723
NC_048111.1,Phage,0.999039411544799
NC_048112.1,Phage,0.911993026733398
NC_048113.1,Phage,0.955184757709503
NC_048114.1,Phage,0.999642372131347
NC_048115.1,Phage,0.987520456314086
NC_048116.1,Phage,0.999199986457824
NC_048117.1,Phage,0.999370098114013
NC_048118.1,Phage,0.998737454414367
NC_048119.1,Phage,0.996098160743713
NC_048120.1,Phage,0.989356815814971
NC_048126.1,Phage,0.940768837928772
NC_048129.1,Phage,0.981096804141998
NC_048130.1,Phage,0.999569535255432
NC_048131.1,Phage,0.993366658687591
NC_048132.1,Phage,0.955442667007446
NC_048133.1,Phage,0.991791069507598
NC_048134.1,Phage,0.961238503456115
NC_048135.1,Phage,0.998742461204528
NC_048136.1,Phage,0.999721527099609
NC_048137.1,Phage,0.949228167533874
NC_048138.1,Phage,0.999465644359588
NC_048139.1,Phage,0.934349715709686
NC_048140.1,Phage,0.872623264789581
NC_048141.1,Phage,0.883637964725494
NC_048142.1,Phage,0.983676373958587
NC_048143.1,Phage,0.95980167388916
NC_048144.1,Phage,0.991137266159057
NC_048145.1,Phage,0.97414231300354
NC_048146.1,Phage,0.869077384471893
NC_048147.1,Phage,0.775652766227722
NC_048148.1,Phage,0.99372774362564
NC_048149.1,Phage,0.952417194843292
NC_048150.1,Phage,0.919524013996124
NC_048151.1,Phage,0.980365216732025
NC_048152.1,Phage,0.975774705410003
NC_048153.1,Phage,0.877920925617218
NC_048154.1,Phage,0.938824951648712
NC_048155.1,Phage,0.901922225952148
NC_048159.1,Phage,0.805792510509491
NC_048161.1,Phage,0.999722301959991
NC_048162.1,Phage,0.960421502590179
NC_048163.1,Phage,0.999608397483825
NC_048165.1,Phage,0.936537384986877
NC_048166.1,Phage,0.550315201282501
NC_048167.1,Phage,0.998138487339019
NC_048168.1,Phage,0.997874975204467
NC_048169.1,Phage,0.925871729850769
NC_048170.1,Phage,0.855616450309753
NC_048171.1,Phage,0.959802627563476
NC_048172.1,Phage,0.976836621761322
NC_048173.1,Phage,0.932340085506439
NC_048174.1,Phage,0.994324862957
NC_048175.1,Phage,0.999378502368927
NC_048176.1,Phage,0.890860676765441
NC_048177.1,Phage,0.992573201656341
NC_048178.1,Phage,0.928344011306762
NC_048179.1,Phage,0.943085134029388
NC_048180.1,Phage,0.98764282464981
NC_048181.1,Phage,0.949022412300109
NC_048182.1,Phage,0.931713104248046
NC_048184.1,Phage,0.961451232433319
NC_048185.1,Phage,0.877864062786102
NC_048186.1,Phage,0.946059584617614
NC_048187.1,Phage,0.983067274093627
NC_048188.1,Phage,0.987875044345855
NC_048189.1,Phage,0.984918653964996
NC_048190.1,Phage,0.983775317668914
NC_048191.1,Phage,0.977800667285919
NC_048192.1,Phage,0.923076152801513
NC_048193.1,Phage,0.942778348922729
NC_048194.1,Phage,0.930259943008422
NC_048195.1,Phage,0.942014276981353
NC_048196.1,Phage,0.899735033512115
NC_048197.1,Phage,0.81352162361145
NC_048198.1,Phage,0.828043699264526
NC_048207.1,Phage,0.939241886138916
NC_048208.1,Phage,0.969149231910705
NC_048624.1,Phage,0.930514097213745
NC_048625.1,Phage,0.649475574493408
NC_048626.1,Phage,0.925797879695892
NC_048627.1,Phage,0.93825739622116
NC_048628.1,Phage,0.688983678817749
NC_048629.1,Phage,0.905531644821167
NC_048630.1,Phage,0.993193328380584
NC_048631.1,Phage,0.752328038215637
NC_048632.1,Phage,0.9502734541893
NC_048634.1,Phage,0.896954476833343
NC_048635.1,Phage,0.957040190696716
NC_048636.1,Phage,0.953487813472747
NC_048637.1,Phage,0.900977432727813
NC_048638.1,Phage,0.960704147815704
NC_048639.1,Phage,0.960561275482177
NC_048640.1,Phage,0.629986703395843
NC_048641.1,Phage,0.674678266048431
NC_048642.1,Phage,0.95683616399765
NC_048643.1,Phage,0.958851635456085
NC_048644.1,Phage,0.687386333942413
NC_048645.1,Phage,0.976320743560791
NC_048646.1,Phage,0.968937456607818
NC_048648.1,Phage,0.960182309150695
NC_048649.1,Phage,0.922163069248199
NC_048650.1,Phage,0.952883183956146
NC_048651.1,Phage,0.735492646694183
NC_048652.1,Phage,0.966351509094238
NC_048653.1,Phage,0.932012498378753
NC_048654.1,Phage,0.924928665161132
NC_048655.1,Phage,0.970197021961212
NC_048656.1,Phage,0.908290147781372
NC_048657.1,Phage,0.871209383010864
NC_048658.1,Phage,0.937281668186187
NC_048659.1,Phage,0.896104335784912
NC_048660.1,Phage,0.967559933662414
NC_048661.1,Phage,0.934024691581726
NC_048662.1,Phage,0.916072726249694
NC_048663.1,Phage,0.957687675952911
NC_048664.1,Phage,0.890526294708252
NC_048665.1,Phage,0.941953241825103
NC_048667.1,Phage,0.902947545051574
NC_048668.1,Phage,0.968958377838134
NC_048669.1,Phage,0.936850666999816
NC_048670.1,Phage,0.868598818778991
NC_048671.1,Phage,0.985085904598236
NC_048672.1,Phage,0.995571374893188
NC_048673.1,Phage,0.966382324695587
NC_048675.1,Phage,0.8861825466156
NC_048676.1,Phage,0.888839542865753
NC_048677.1,Phage,0.84668481349945
NC_048678.1,Phage,0.932579338550567
NC_048679.1,Phage,0.931743860244751
NC_048680.1,Phage,0.905635297298431
NC_048681.1,Phage,0.902358710765838
NC_048682.1,Phage,0.935079991817474
NC_048683.1,Phage,0.948698878288269
NC_048684.1,Phage,0.937279522418975
NC_048685.1,Phage,0.983872234821319
NC_048686.1,Phage,0.989476919174194
NC_048687.1,Phage,0.885404288768768
NC_048688.1,Phage,0.763961017131805
NC_048689.1,Phage,0.821195840835571
NC_048690.1,Phage,0.834433078765869
NC_048691.1,Phage,0.823002219200134
NC_048692.1,Phage,0.839057564735412
NC_048693.1,Phage,0.773318707942962
NC_048694.1,Phage,0.948292851448059
NC_048695.1,Phage,0.953134655952453
NC_048696.1,Phage,0.95721423625946
NC_048697.1,Phage,0.957918524742126
NC_048698.1,Phage,0.906675040721893
NC_048699.1,Phage,0.904386520385742
NC_048700.1,Phage,0.990741729736328
NC_048701.1,Phage,0.602772772312164
NC_048702.1,Phage,0.923709511756897
NC_048703.1,Phage,0.977030932903289
NC_048704.1,Phage,0.899089753627777
NC_048705.1,Phage,0.87091064453125
NC_048706.1,Phage,0.96430492401123
NC_048707.1,Phage,0.993672370910644
NC_048708.1,Phage,0.952841341495513
NC_048709.1,Phage,0.983512461185455
NC_048710.1,Phage,0.909949123859405
NC_048711.1,Phage,0.88526976108551
NC_048712.1,Phage,0.915129423141479
NC_048713.1,Phage,0.883266448974609
NC_048714.1,Phage,0.813653349876403
NC_048715.1,Phage,0.833836138248443
NC_048716.1,Phage,0.870354175567627
NC_048717.1,Phage,0.838934600353241
NC_048718.1,Phage,0.82660037279129
NC_048719.1,Phage,0.986570656299591
NC_048720.1,Phage,0.985781371593475
NC_048721.1,Phage,0.97364205121994
NC_048722.1,Phage,0.975877285003662
NC_048723.1,Phage,0.980131328105926
NC_048724.1,Phage,0.982040762901306
NC_048725.1,Phage,0.919076561927795
NC_048726.1,Phage,0.971421718597412
NC_048727.1,Phage,0.953131258487701
NC_048728.1,Phage,0.989001631736755
NC_048729.1,Phage,0.880972385406494
NC_048730.1,Phage,0.97664201259613
NC_048731.1,Phage,0.953270494937896
NC_048732.1,Phage,0.833464980125427
NC_048733.1,Phage,0.965978920459747
NC_048734.1,Phage,0.925248086452484
NC_048735.1,Phage,0.99891173839569
NC_048736.1,Phage,0.952631831169128
NC_048737.1,Phage,0.89760011434555
NC_048738.1,Phage,0.964687526226043
NC_048739.1,Phage,0.695068717002868
NC_048740.1,Phage,0.86061030626297
NC_048741.1,Phage,0.888327181339263
NC_048742.1,Phage,0.987368047237396
NC_048743.1,Phage,0.890902876853942
NC_048744.1,Phage,0.891961872577667
NC_048745.1,Phage,0.936166167259216
NC_048746.1,Phage,0.945816218852996
NC_048747.1,Phage,0.965597867965698
NC_048748.1,Phage,0.945268809795379
NC_048749.1,Phage,0.974278330802917
NC_048750.1,Phage,0.990044772624969
NC_048751.1,Phage,0.80827385187149
NC_048752.1,Phage,0.865932285785675
NC_048753.1,Phage,0.979361355304718
NC_048754.1,Phage,0.845226824283599
NC_048755.1,Phage,0.98323106765747
NC_048756.1,Phage,0.902151405811309
NC_048757.1,Phage,0.895282626152038
NC_048758.1,Phage,0.799714744091033
NC_048760.1,Phage,0.975986123085022
NC_048761.1,Phage,0.991179168224334
NC_048762.1,Phage,0.629941701889038
NC_048763.1,Phage,0.980307221412658
NC_048764.1,Phage,0.949989378452301
NC_048765.1,Phage,0.938120663166046
NC_048766.1,Phage,0.956855177879333
NC_048767.1,Phage,0.960725307464599
NC_048768.1,Phage,0.943317294120788
NC_048769.1,Phage,0.958573639392852
NC_048770.1,Phage,0.973164081573486
NC_048771.1,Phage,0.911397695541381
NC_048772.1,Phage,0.957595884799957
NC_048773.1,Phage,0.943073987960815
NC_048774.1,Phage,0.938595533370971
NC_048775.1,Phage,0.964458227157592
NC_048776.1,Phage,0.948874413967132
NC_048777.1,Phage,0.992096602916717
NC_048778.1,Phage,0.986773908138275
NC_048779.1,Phage,0.929915189743042
NC_048780.1,Phage,0.841482639312744
NC_048781.1,Phage,0.959677159786224
NC_048782.1,Phage,0.547098577022552
NC_048783.1,Phage,0.968361914157867
NC_048784.1,Phage,0.770162522792816
NC_048785.1,Phage,0.97914320230484
NC_048786.1,Phage,0.972699880599975
NC_048787.1,Phage,0.872946381568908
NC_048788.1,Phage,0.897810459136962
NC_048789.1,Phage,0.816116571426391
NC_048790.1,Phage,0.830794155597686
NC_048791.1,Phage,0.845596134662628
NC_048792.1,Phage,0.969602465629577
NC_048793.1,Phage,0.988553345203399
NC_048794.1,Phage,0.935968995094299
NC_048795.1,Phage,0.938547015190124
NC_048797.1,Phage,0.968092918395996
NC_048798.1,Phage,0.969112038612365
NC_048799.1,Phage,0.968428373336792
NC_048800.1,Phage,0.903384387493133
NC_048801.1,Phage,0.941684663295745
NC_048802.1,Phage,0.982080996036529
NC_048803.1,Phage,0.933884859085083
NC_048804.1,Phage,0.974745154380798
NC_048805.1,Phage,0.662813425064086
NC_048806.1,Phage,0.895523846149444
NC_048807.1,Phage,0.938369691371917
NC_048809.1,Phage,0.96653664112091
NC_048810.1,Phage,0.985699832439422
NC_048811.1,Phage,0.963657677173614
NC_048812.1,Phage,0.985926568508148
NC_048813.1,Phage,0.994668066501617
NC_048814.1,Phage,0.994953691959381
NC_048815.1,Phage,0.998523831367492
NC_048816.1,Phage,0.974499702453613
NC_048817.1,Phage,0.988134026527404
NC_048818.1,Phage,0.94653034210205
NC_048819.1,Phage,0.957324147224426
NC_048820.1,Phage,0.948824286460876
NC_048821.1,Phage,0.956611812114715
NC_048822.1,Phage,0.995576918125152
NC_048823.1,Phage,0.957381963729858
NC_048824.1,Phage,0.881086766719818
NC_048825.1,Phage,0.973227977752685
NC_048826.1,Phage,0.998441457748413
NC_048827.1,Phage,0.828767299652099
NC_048828.1,Phage,0.956437289714813
NC_048829.1,Phage,0.88987797498703
NC_048830.1,Phage,0.931858599185943
NC_048831.1,Phage,0.885549783706665
NC_048832.1,Phage,0.924061357975006
NC_048833.1,Phage,0.917627573013305
NC_048834.1,Phage,0.60716688632965
NC_048835.1,Phage,0.95531940460205
NC_048836.1,Phage,0.936794698238372
NC_048837.1,Phage,0.91079694032669
NC_048838.1,Phage,0.933574020862579
NC_048839.1,Phage,0.897242367267608
NC_048840.1,Phage,0.913567781448364
NC_048841.1,Phage,0.90480637550354
NC_048842.1,Phage,0.901070237159729
NC_048843.1,Phage,0.98325365781784
NC_048844.1,Phage,0.932275414466857
NC_048845.1,Phage,0.92713063955307
NC_048847.1,Phage,0.980102121829986
NC_048848.1,Phage,0.99797648191452
NC_048849.1,Phage,0.950512528419494
NC_048850.1,Phage,0.87924188375473
NC_048851.1,Phage,0.97217720746994
NC_048852.1,Phage,0.93916255235672
NC_048854.1,Phage,0.981824517250061
NC_048858.1,Phage,0.665881633758544
NC_048859.1,Phage,0.687793731689453
NC_048860.1,Phage,0.836033403873443
NC_048861.1,Phage,0.924733579158783
NC_048862.1,Phage,0.962816774845123
NC_048863.1,Phage,0.915903151035308
NC_048864.1,Phage,0.929780185222625
NC_048865.1,Phage,0.934402883052825
NC_048866.1,Phage,0.956727445125579
NC_048867.1,Phage,0.964656174182891
NC_048868.1,Phage,0.961997747421264
NC_048869.1,Phage,0.976796805858612
NC_048870.1,Phage,0.957475900650024
NC_048871.1,Phage,0.968400657176971
NC_048872.1,Phage,0.954028189182281
NC_048873.1,Phage,0.9118412733078
NC_048874.1,Phage,0.875641703605651
NC_048875.1,Phage,0.91666966676712
NC_048876.1,Phage,0.967922091484069
NC_048877.1,Phage,0.975889861583709
NC_048878.1,Phage,0.919528663158416
NZ_AP022313.1,Bacteria,0.0957688391208648
NZ_CP009922.3,Bacteria,0.0290269572287797
NZ_CP010735.1,Bacteria,0.0787333846092224
NZ_CP012211.1,Bacteria,0.0292359851300716
NZ_CP012373.2,Bacteria,0.075761392712593
NZ_CP012670.1,Bacteria,0.0635746791958808
NZ_CP014021.1,Bacteria,0.0765402093529701
NZ_CP014032.1,Bacteria,0.0414464846253395
NZ_CP015029.1,Bacteria,0.125631362199783
NZ_CP015285.1,Bacteria,0.0346457511186599
NZ_CP015567.1,Bacteria,0.050026673823595
NZ_CP015573.1,Bacteria,0.0238333046436309
NZ_CP015853.1,Bacteria,0.0556758269667625
NZ_CP015903.1,Bacteria,0.200551807880401
NZ_CP016339.1,Bacteria,0.00648966524749994
NZ_CP016344.1,Bacteria,0.0453692339360713
NZ_CP016989.1,Bacteria,0.0328637138009071
NZ_CP017169.1,Bacteria,0.224230602383613
NZ_CP017173.1,Bacteria,0.223866060376167
NZ_CP017489.1,Bacteria,0.153181746602058
NZ_CP017491.1,Bacteria,0.154268518090248
NZ_CP017492.1,Bacteria,0.154434353113174
NZ_CP018037.1,Bacteria,0.0071743126027286
NZ_CP018622.1,Bacteria,0.0575559176504612
NZ_CP018867.1,Bacteria,0.125086188316345
NZ_CP018937.1,Bacteria,0.0359730198979377
NZ_CP019071.1,Bacteria,0.0175405237823724
NZ_CP019086.1,Bacteria,0.0105870040133595
NZ_CP019090.1,Bacteria,0.0104946075007319
NZ_CP019114.1,Bacteria,0.0341427735984325
NZ_CP019320.1,Bacteria,0.0959842130541801
NZ_CP019515.1,Bacteria,0.0121717182919383
NZ_CP019593.2,Bacteria,0.0819645971059799
NZ_CP019651.1,Bacteria,0.10019563883543
NZ_CP019860.1,Phage,0.689177274703979
NZ_CP020018.1,Bacteria,0.103805340826511
NZ_CP020396.1,Bacteria,0.0370524562895298
NZ_CP020408.2,Bacteria,0.0517984367907047
NZ_CP020432.1,Bacteria,0.242066383361816
NZ_CP020442.2,Bacteria,0.168880715966224
NZ_CP020448.2,Bacteria,0.0226598605513572
NZ_CP020452.2,Bacteria,0.0323719605803489
NZ_CP020498.1,Bacteria,0.0605256371200084
NZ_CP020514.1,Bacteria,0.0266628842800855
NZ_CP020528.1,Bacteria,0.0531533882021904
NZ_CP020534.1,Bacteria,0.0923405811190605
NZ_CP020645.1,Bacteria,0.00603829650208354
NZ_CP020819.1,Bacteria,0.00803312566131353
NZ_CP020959.1,Bacteria,0.0769578963518142
NZ_CP021067.1,Bacteria,0.0388911478221416
NZ_CP021129.1,Bacteria,0.0998000055551529
NZ_CP021164.1,Bacteria,0.0336334519088268
NZ_CP021265.1,Bacteria,0.138994634151458
NZ_CP021286.1,Bacteria,0.144784450531005
NZ_CP021325.1,Bacteria,0.0539135783910751
NZ_CP021436.1,Bacteria,0.044899545609951
NZ_CP021516.1,Bacteria,0.0421316586434841
NZ_CP021886.1,Bacteria,0.242102518677711
NZ_CP021932.1,Bacteria,0.0920532792806625
NZ_CP021963.1,Bacteria,0.0210205446928739
NZ_CP022054.2,Bacteria,0.228581398725509
NZ_CP022059.1,Bacteria,0.0516170784831047
NZ_CP022070.1,Bacteria,0.0255119130015373
NZ_CP022095.2,Bacteria,0.0723715126514434
NZ_CP022188.1,Bacteria,0.0333117954432964
NZ_CP022213.1,Bacteria,0.0437078066170215
NZ_CP022243.1,Bacteria,0.166436210274696
NZ_CP022244.1,Bacteria,0.146412447094917
NZ_CP022310.1,Bacteria,0.0298008080571889
NZ_CP022319.2,Bacteria,0.0526346489787101
NZ_CP022552.2,Bacteria,0.156657546758651
NZ_CP022572.1,Bacteria,0.0657352209091186
NZ_CP022582.1,Bacteria,0.104886077344417
NZ_CP022594.1,Bacteria,0.173267558217048
NZ_CP022780.1,Bacteria,0.0366212129592895
NZ_CP022904.1,Bacteria,0.0835107490420341
NZ_CP022919.1,Bacteria,0.0599267408251762
NZ_CP022939.1,Bacteria,0.324505001306533
NZ_CP023011.2,Bacteria,0.0910108387470245
NZ_CP023061.1,Bacteria,0.0338917151093483
NZ_CP023276.1,Bacteria,0.0881209075450897
NZ_CP023313.2,Bacteria,0.308094441890716
NZ_CP023341.1,Bacteria,0.0432236790657043
NZ_CP023662.1,Bacteria,0.0134008741006255
NZ_CP023677.1,Bacteria,0.17388704419136
NZ_CP023689.1,Bacteria,0.0440304987132549
NZ_CP023691.1,Bacteria,0.0424048155546188
NZ_CP023775.1,Bacteria,0.0367792695760726
NZ_CP023820.1,Bacteria,0.0302343014627695
NZ_CP023853.1,Bacteria,0.0262102000415325
NZ_CP023861.1,Bacteria,0.0365386120975017
NZ_CP024101.1,Bacteria,0.052177507430315
NZ_CP024109.1,Bacteria,0.0420888774096965
NZ_CP024868.1,Bacteria,0.0728451833128929
NZ_CP025031.1,Bacteria,0.116242535412311
NZ_CP025086.1,Bacteria,0.0307787302881479
NZ_CP025136.1,Bacteria,0.0393381789326667
NZ_CP025317.1,Bacteria,0.0305081307888031
NZ_CP025348.1,Bacteria,0.00541018089279532
NZ_CP025351.1,Bacteria,0.00804556440562009
NZ_CP025354.1,Bacteria,0.00720797618851065
NZ_CP025359.1,Bacteria,0.0072101061232388
NZ_CP025379.1,Bacteria,0.00533740641549229
NZ_CP025384.1,Bacteria,0.00555029604583978
NZ_CP025388.1,Bacteria,0.00750591559335589
NZ_CP025491.2,Bacteria,0.0887746959924697
NZ_CP025509.1,Bacteria,0.01496441103518
NZ_CP025527.1,Bacteria,0.0062529370188713
NZ_CP025537.1,Bacteria,0.181633830070495
NZ_CP025567.1,Bacteria,0.0441178679466247
NZ_CP025604.1,Bacteria,0.0494302846491336
NZ_CP025605.1,Bacteria,0.0488451048731803
NZ_CP025609.1,Bacteria,0.0117352763190865
NZ_CP025743.1,Bacteria,0.0525723733007907
NZ_CP025827.1,Bacteria,0.0384748429059982
NZ_CP025840.1,Bacteria,0.0327938124537467
NZ_CP025881.1,Bacteria,0.0369216650724411
NZ_CP025916.1,Bacteria,0.0287371128797531
NZ_CP026023.1,Bacteria,0.0630299150943756
NZ_CP026046.1,Bacteria,0.0511214546859264
NZ_CP026067.1,Bacteria,0.10705292969942
NZ_CP026069.1,Bacteria,0.0895418375730514
NZ_CP026089.2,Bacteria,0.0471928790211677
NZ_CP026092.2,Bacteria,0.117747403681278
NZ_CP026114.1,Bacteria,0.0943208858370781
NZ_CP026275.1,Bacteria,0.0499314554035663
NZ_CP026337.1,Bacteria,0.0464157983660697
NZ_CP026344.1,Bacteria,0.0151579370722174
NZ_CP026432.1,Bacteria,0.00587552925571799
NZ_CP026463.1,Bacteria,0.00719646271318197
NZ_CP026468.1,Bacteria,0.00608635833486914
NZ_CP026469.1,Bacteria,0.00618007453158497
NZ_CP026470.1,Bacteria,0.00671250605955719
NZ_CP026491.1,Bacteria,0.030808076262474
NZ_CP026531.1,Bacteria,0.0485052727162838
NZ_CP026591.1,Phage,0.68839031457901
NZ_CP026621.1,Bacteria,0.0060579665005207
NZ_CP026634.1,Bacteria,0.00551312789320945
NZ_CP026660.1,Bacteria,0.0203950721770524
NZ_CP026665.1,Bacteria,0.00678466539829969
NZ_CP026774.1,Bacteria,0.0206010323017835
NZ_CP026777.1,Bacteria,0.0196766983717679
NZ_CP026799.1,Bacteria,0.0325869843363761
NZ_CP026885.1,Bacteria,0.00520695839077234
NZ_CP026895.1,Bacteria,0.00662183435633778
NZ_CP026901.1,Bacteria,0.00562386400997638
NZ_CP026903.1,Bacteria,0.00666752969846129
NZ_CP026908.1,Bacteria,0.00780411576852202
NZ_CP026916.1,Bacteria,0.00746022444218397
NZ_CP026953.1,Bacteria,0.0990324988961219
NZ_CP026961.1,Bacteria,0.113399319350719
NZ_CP027035.1,Bacteria,0.0476226806640625
NZ_CP027160.1,Bacteria,0.0519193038344383
NZ_CP027169.1,Bacteria,0.0321575365960598
NZ_CP027216.1,Bacteria,0.0697449445724487
NZ_CP027255.1,Bacteria,0.0350060872733593
NZ_CP027306.1,Bacteria,0.0588722713291645
NZ_CP027307.1,Bacteria,0.0387682169675827
NZ_CP027449.1,Bacteria,0.0264446102082729
NZ_CP027454.1,Bacteria,0.0453691631555557
NZ_CP027527.1,Bacteria,0.0644388049840927
NZ_CP027533.1,Bacteria,0.0247603561729192
NZ_CP027555.1,Bacteria,0.0518696866929531
NZ_CP027643.1,Bacteria,0.0445174425840377
NZ_CP027701.1,Bacteria,0.0215825028717517
NZ_CP027705.1,Bacteria,0.0260084271430969
NZ_CP027724.1,Bacteria,0.0186082329601049
NZ_CP027737.1,Bacteria,0.0182031169533729
NZ_CP027749.1,Bacteria,0.0198263116180896
NZ_CP027768.1,Bacteria,0.0901905372738838
NZ_CP027771.1,Bacteria,0.247854068875312
NZ_CP027778.1,Phage,0.59234482049942
NZ_CP027788.1,Bacteria,0.125357329845428
NZ_CP027856.1,Bacteria,0.0478527843952178
NZ_CP028126.1,Bacteria,0.0622998438775539
NZ_CP028142.1,Bacteria,0.144488021731376
NZ_CP028151.1,Bacteria,0.0149807389825582
NZ_CP028157.1,Bacteria,0.0148699581623077
NZ_CP028163.1,Bacteria,0.0904882028698921
NZ_CP028169.1,Bacteria,0.0260996036231517
NZ_CP028215.1,Bacteria,0.0430683232843875
NZ_CP028320.1,Bacteria,0.0220936965197324
NZ_CP028339.1,Bacteria,0.0318867936730384
NZ_CP028483.1,Bacteria,0.0240500774234533
NZ_CP028568.2,Bacteria,0.0267360657453537
NZ_CP028584.2,Bacteria,0.0236402731388807
NZ_CP028592.1,Bacteria,0.0533636510372161
NZ_CP028609.1,Bacteria,0.0415007621049881
NZ_CP028614.1,Bacteria,0.0439093112945556
NZ_CP028623.1,Bacteria,0.045505553483963
NZ_CP028629.1,Bacteria,0.0457225553691387
NZ_CP028659.1,Bacteria,0.0455684028565883
NZ_CP028703.1,Bacteria,0.0143459215760231
NZ_CP028730.1,Bacteria,0.0477472655475139
NZ_CP028783.1,Bacteria,0.070685863494873
NZ_CP028787.2,Bacteria,0.0619710311293602
NZ_CP028807.1,Bacteria,0.0719923228025436
NZ_CP028834.1,Bacteria,0.0461229346692562
NZ_CP028859.1,Phage,0.602014422416687
NZ_CP028909.1,Bacteria,0.0417923517525196
NZ_CP028926.1,Bacteria,0.0351119227707386
NZ_CP028959.1,Bacteria,0.0273856781423091
NZ_CP028977.1,Bacteria,0.0836385712027549
NZ_CP029021.1,Bacteria,0.104512952268123
NZ_CP029029.1,Bacteria,0.0184360947459936
NZ_CP029042.1,Bacteria,0.0427609495818614
NZ_CP029057.1,Bacteria,0.0147500140592455
NZ_CP029088.1,Bacteria,0.0410988293588161
NZ_CP029097.1,Bacteria,0.0380273461341857
NZ_CP029111.1,Bacteria,0.019468393176794
NZ_CP029152.1,Phage,0.685756504535675
NZ_CP029154.1,Phage,0.680757999420166
NZ_CP029189.1,Bacteria,0.0371549911797046
NZ_CP029191.1,Bacteria,0.0516347400844097
NZ_CP029196.1,Bacteria,0.0365138538181781
NZ_CP029238.1,Bacteria,0.0143110640347003
NZ_CP029343.1,Bacteria,0.034817237406969
NZ_CP029477.1,Bacteria,0.118049897253513
NZ_CP029568.1,Bacteria,0.0349977537989616
NZ_CP029595.1,Bacteria,0.0289031155407428
NZ_CP029646.1,Bacteria,0.0299052130430936
NZ_CP029663.1,Bacteria,0.099413476884365
NZ_CP029664.1,Bacteria,0.0867087095975875
NZ_CP029678.1,Bacteria,0.105744488537311
NZ_CP029681.1,Bacteria,0.0838894769549369
NZ_CP029736.1,Bacteria,0.0318802893161773
NZ_CP029738.1,Bacteria,0.0673483610153198
NZ_CP029751.1,Bacteria,0.103514283895492
NZ_CP029861.1,Bacteria,0.0290184114128351
NZ_CP029863.1,Bacteria,0.0309161506593227
NZ_CP029873.1,Bacteria,0.0292695276439189
NZ_CP029881.1,Bacteria,0.0318322442471981
NZ_CP029896.1,Bacteria,0.0298049133270978
NZ_CP029897.1,Bacteria,0.0426783971488475
NZ_CP029900.1,Bacteria,0.0276368111371994
NZ_CP029917.1,Bacteria,0.0289536397904157
NZ_CP029923.1,Bacteria,0.0308370012789964
NZ_CP029938.1,Bacteria,0.0282323881983757
NZ_CP029950.1,Bacteria,0.0309562515467405
NZ_CP029956.1,Bacteria,0.0315303057432174
NZ_CP029991.1,Bacteria,0.0329357050359249
NZ_CP030042.1,Bacteria,0.0567006766796112
NZ_CP030125.1,Bacteria,0.244975462555885
NZ_CP030150.1,Bacteria,0.0665622130036354
NZ_CP030196.1,Bacteria,0.0214529484510421
NZ_CP030217.1,Bacteria,0.0196041855961084
NZ_CP030219.1,Bacteria,0.045036356896162
NZ_CP030240.1,Bacteria,0.0141761759296059
NZ_CP030364.1,Bacteria,0.309299290180206
NZ_CP030716.1,Bacteria,0.308395236730575
NZ_CP030936.1,Bacteria,0.024691903963685
NZ_CP030939.1,Bacteria,0.0358632579445838
NZ_CP031097.1,Phage,0.600961565971374
NZ_CP031182.1,Bacteria,0.0732900500297546
NZ_CP031271.1,Bacteria,0.12799946963787
NZ_CP031277.1,Bacteria,0.0953865572810173
NZ_CP031331.1,Bacteria,0.0517866797745227
NZ_CP031332.1,Bacteria,0.0454803071916103
NZ_CP031334.1,Bacteria,0.0397768653929233
NZ_CP031356.1,Bacteria,0.0222205948084592
NZ_CP031418.1,Bacteria,0.095621719956398
NZ_CP031424.1,Bacteria,0.0488537363708019
NZ_CP031462.1,Bacteria,0.0154261896386742
NZ_CP031464.1,Bacteria,0.00840778741985559
NZ_CP031515.1,Bacteria,0.0195674039423465
NZ_CP031551.1,Bacteria,0.0536350049078464
NZ_CP031560.1,Bacteria,0.030588649213314
NZ_CP031571.1,Bacteria,0.0482068695127964
NZ_CP031629.1,Bacteria,0.263310343027114
NZ_CP031641.1,Bacteria,0.0274066124111413
NZ_CP031673.1,Bacteria,0.0900427103042602
NZ_CP031679.1,Bacteria,0.115319706499576
NZ_CP031690.1,Bacteria,0.112882152199745
NZ_CP031781.1,Bacteria,0.141832068562507
NZ_CP031787.1,Bacteria,0.00595195777714252
NZ_CP031808.1,Bacteria,0.0694087147712707
NZ_CP031849.1,Bacteria,0.0658287033438682
NZ_CP031910.1,Bacteria,0.0386519283056259
NZ_CP031913.1,Bacteria,0.0402557998895645
NZ_CP031941.1,Bacteria,0.279153436422348
NZ_CP032094.1,Bacteria,0.130358397960662
NZ_CP032101.1,Bacteria,0.34342736005783
NZ_CP032178.1,Bacteria,0.0703984051942825
NZ_CP032184.1,Bacteria,0.0395251475274562
NZ_CP032228.1,Bacteria,0.0275426413863897
NZ_CP032237.1,Bacteria,0.0196762923151254
NZ_CP032321.1,Bacteria,0.0538443960249424
NZ_CP032393.1,Bacteria,0.0300318915396928
NZ_CP032412.1,Bacteria,0.0794251933693885
NZ_CP032477.1,Phage,0.788344979286193
NZ_CP032506.1,Bacteria,0.0422432534396648
NZ_CP032552.1,Bacteria,0.0323620662093162
NZ_CP032566.1,Bacteria,0.0379263684153556
NZ_CP032635.1,Bacteria,0.0435804203152656
NZ_CP032640.1,Bacteria,0.0391886904835701
NZ_CP032652.1,Bacteria,0.0407108962535858
NZ_CP032666.1,Bacteria,0.251576006412506
NZ_CP032759.1,Bacteria,0.287916779518127
NZ_CP032817.1,Bacteria,0.0418870188295841
NZ_CP032855.1,Bacteria,0.0746376365423202
NZ_CP032865.1,Bacteria,0.0681790933012962
NZ_CP032872.1,Bacteria,0.0566734708845615
NZ_CP032927.1,Bacteria,0.0156242726370692
NZ_CP032986.1,Bacteria,0.0113000432029366
NZ_CP033022.1,Bacteria,0.0309750717133283
NZ_CP033023.1,Bacteria,0.0181371606886386
NZ_CP033032.1,Bacteria,0.0191755574196577
NZ_CP033041.1,Bacteria,0.0861476734280586
NZ_CP033043.1,Bacteria,0.0669961124658584
NZ_CP033065.1,Bacteria,0.0607403479516506
NZ_CP033138.1,Bacteria,0.194591060280799
NZ_CP033170.1,Bacteria,0.0174261145293712
NZ_CP033182.1,Bacteria,0.00904129166156053
NZ_CP033189.1,Bacteria,0.00844462681561708
NZ_CP033214.1,Phage,0.67653214931488
NZ_CP033218.1,Bacteria,0.0807802155613899
NZ_CP033335.1,Bacteria,0.235182970762252
NZ_CP033340.1,Bacteria,0.0118327010422945
NZ_CP033384.2,Bacteria,0.0261590238660573
NZ_CP033396.1,Bacteria,0.0705644190311431
NZ_CP033430.1,Bacteria,0.0304228235036134
NZ_CP033622.1,Bacteria,0.0193368401378393
NZ_CP033707.1,Bacteria,0.0435767732560634
NZ_CP033713.1,Bacteria,0.050692580640316
NZ_CP033723.2,Bacteria,0.0307943001389503
NZ_CP033735.1,Bacteria,0.102389991283416
NZ_CP033738.1,Bacteria,0.0326714441180229
NZ_CP033748.1,Bacteria,0.0323490127921104
NZ_CP033756.1,Bacteria,0.0619380548596382
NZ_CP033767.1,Bacteria,0.276430130004882
NZ_CP033828.1,Bacteria,0.0698882639408111
NZ_CP033996.1,Bacteria,0.0872655883431434
NZ_CP034016.1,Bacteria,0.0447819009423255
NZ_CP034022.1,Bacteria,0.0416159741580486
NZ_CP034039.1,Bacteria,0.0719343349337577
NZ_CP034086.1,Bacteria,0.0582540854811668
NZ_CP034098.1,Bacteria,0.0740803629159927
NZ_CP034173.1,Bacteria,0.162573248147964
NZ_CP034237.1,Bacteria,0.0365957729518413
NZ_CP034240.1,Bacteria,0.0524896010756492
NZ_CP034299.1,Bacteria,0.156603753566741
NZ_CP034336.1,Bacteria,0.0575872845947742
NZ_CP034354.1,Bacteria,0.0319088920950889
NZ_CP034389.1,Bacteria,0.0303260944783687
NZ_CP034408.1,Bacteria,0.0690024718642234
NZ_CP034415.1,Bacteria,0.0738009735941886
NZ_CP034483.1,Bacteria,0.0265735369175672
NZ_CP034484.1,Bacteria,0.0479341596364975
NZ_CP034546.1,Bacteria,0.0348030850291252
NZ_CP034551.1,Bacteria,0.0470150336623191
NZ_CP034553.1,Bacteria,0.0885299071669578
NZ_CP034555.1,Bacteria,0.0347977690398693
NZ_CP034663.1,Bacteria,0.421245962381362
NZ_CP034695.1,Bacteria,0.0670118704438209
NZ_CP034734.1,Bacteria,0.0186177864670753
NZ_CP034745.1,Bacteria,0.0138317849487066
NZ_CP034808.1,Bacteria,0.0578969493508338
NZ_CP034958.1,Bacteria,0.0173054840415716
NZ_CP035007.1,Bacteria,0.0840083509683609
NZ_CP035020.1,Bacteria,0.0784437134861946
NZ_CP035034.1,Bacteria,0.0309449210762977
NZ_CP035101.1,Bacteria,0.0815730988979339
NZ_CP035110.1,Bacteria,0.0581041127443313
NZ_CP035129.1,Bacteria,0.0211609564721584
NZ_CP035151.1,Bacteria,0.104008413851261
NZ_CP035186.1,Bacteria,0.0350942723453044
NZ_CP035188.1,Bacteria,0.0753562897443771
NZ_CP035226.1,Bacteria,0.0546247772872448
NZ_CP035291.1,Bacteria,0.103979617357254
NZ_CP035294.1,Bacteria,0.0628816932439804
NZ_CP035301.1,Bacteria,0.0263660959899425
NZ_CP035307.1,Bacteria,0.0619892254471778
NZ_CP035383.1,Bacteria,0.0614054389297962
NZ_CP035405.1,Bacteria,0.0816374719142913
NZ_CP035439.1,Bacteria,0.246516972780227
NZ_CP035444.1,Bacteria,0.221462115645408
NZ_CP035457.1,Bacteria,0.0622098557651042
NZ_CP035467.1,Bacteria,0.119208179414272
NZ_CP035476.1,Bacteria,0.0221719983965158
NZ_CP035477.1,Bacteria,0.0214838925749063
NZ_CP035641.1,Bacteria,0.248321011662483
NZ_CP035692.1,Bacteria,0.159727320075035
NZ_CP035715.1,Bacteria,0.24779599905014
NZ_CP035716.1,Bacteria,0.247724384069442
NZ_CP035720.1,Bacteria,0.0218637119978666
NZ_CP035765.1,Bacteria,0.0457369834184646
NZ_CP035782.1,Bacteria,0.0537676252424716
NZ_CP035797.1,Bacteria,0.0511933155357837
NZ_CP035917.1,Bacteria,0.0246971733868122
NZ_CP035923.1,Bacteria,0.055096473544836
NZ_CP035927.1,Bacteria,0.0333610288798809
NZ_CP036187.1,Bacteria,0.0686099082231521
NZ_CP036305.1,Bacteria,0.072465032339096
NZ_CP036442.1,Bacteria,0.0638376548886299
NZ_CP036453.1,Bacteria,0.0217263307422399
NZ_CP036523.1,Phage,0.707673251628875
NZ_CP036535.1,Bacteria,0.235545709729194
NZ_CP037440.1,Bacteria,0.0474477857351303
NZ_CP037757.1,Bacteria,0.0148146301507949
NZ_CP037867.1,Bacteria,0.0715176612138748
NZ_CP037882.1,Bacteria,0.0285874549299478
NZ_CP037894.1,Bacteria,0.0185870043933391
NZ_CP037939.1,Bacteria,0.118267357349395
NZ_CP037945.1,Bacteria,0.0459450259804725
NZ_CP038020.1,Bacteria,0.217806279659271
NZ_CP038102.1,Bacteria,0.039756640791893
NZ_CP038153.1,Bacteria,0.143684774637222
NZ_CP038194.1,Bacteria,0.0220457855612039
NZ_CP038213.1,Bacteria,0.0505656898021698
NZ_CP038262.1,Bacteria,0.0360935442149639
NZ_CP038295.1,Bacteria,0.0282385349273681
NZ_CP038342.1,Bacteria,0.0419873595237731
NZ_CP038346.1,Bacteria,0.0522238798439502
NZ_CP038363.1,Bacteria,0.0393871553242206
NZ_CP038372.1,Bacteria,0.0445362664759159
NZ_CP038386.1,Bacteria,0.0276679545640945
NZ_CP038398.1,Bacteria,0.0389808118343353
NZ_CP038405.1,Bacteria,0.0400975197553634
NZ_CP038441.1,Bacteria,0.0462806411087513
NZ_CP038444.1,Bacteria,0.0442230068147182
NZ_CP038445.1,Bacteria,0.0387192517518997
NZ_CP038465.1,Bacteria,0.0370830483734607
NZ_CP038504.1,Bacteria,0.234866455197334
NZ_CP038517.1,Bacteria,0.0430757477879524
NZ_CP038658.1,Bacteria,0.0678595229983329
NZ_CP038847.1,Bacteria,0.0206816513091325
NZ_CP038850.1,Bacteria,0.0897807255387306
NZ_CP038861.1,Bacteria,0.161735117435455
NZ_CP038868.1,Bacteria,0.0500581823289394
NZ_CP038871.1,Bacteria,0.0378339923918247
NZ_CP038874.1,Bacteria,0.0236417520791292
NZ_CP038932.1,Bacteria,0.0862873867154121
NZ_CP039055.1,Bacteria,0.0857272744178772
NZ_CP039065.1,Bacteria,0.0775978937745094
NZ_CP039070.1,Bacteria,0.0853263139724731
NZ_CP039259.1,Phage,0.558193624019622
NZ_CP039266.1,Bacteria,0.0686682015657424
NZ_CP039268.1,Bacteria,0.12822638452053
NZ_CP039457.1,Bacteria,0.23009218275547
NZ_CP039471.1,Bacteria,0.0121168736368417
NZ_CP039489.1,Bacteria,0.0119694750756025
NZ_CP039520.1,Bacteria,0.0402211919426918
NZ_CP039611.1,Bacteria,0.0507959984242916
NZ_CP039637.1,Bacteria,0.0202081147581338
NZ_CP039729.1,Bacteria,0.0862229913473129
NZ_CP039776.1,Bacteria,0.278539270162582
NZ_CP039777.1,Bacteria,0.276082813739776
NZ_CP039790.1,Bacteria,0.276588201522827
NZ_CP039922.1,Bacteria,0.0147053264081478
NZ_CP039930.1,Bacteria,0.040761575102806
NZ_CP039974.1,Bacteria,0.0712174102663993
NZ_CP040023.1,Bacteria,0.0706115961074829
NZ_CP040059.1,Bacteria,0.141064941883087
NZ_CP040182.1,Bacteria,0.0396768860518932
NZ_CP040309.1,Bacteria,0.0405166372656822
NZ_CP040314.1,Bacteria,0.0447680912911891
NZ_CP040367.1,Bacteria,0.0616442635655403
NZ_CP040368.1,Bacteria,0.101213164627552
NZ_CP040390.1,Bacteria,0.0406896211206913
NZ_CP040753.1,Bacteria,0.143421441316604
NZ_CP040875.1,Bacteria,0.091767318546772
NZ_CP040911.1,Bacteria,0.0349668264389038
NZ_CP041010.1,Bacteria,0.107923783361911
NZ_CP041031.1,Bacteria,0.0191732756793499
NZ_CP041070.1,Bacteria,0.278626888990402
NZ_CP041200.1,Bacteria,0.148421496152877
NZ_CP041247.1,Bacteria,0.0321607999503612
NZ_CP041257.1,Bacteria,0.0936391726136207
NZ_CP041295.1,Bacteria,0.0179825741797685
NZ_CP041373.1,Bacteria,0.0726771801710128
NZ_CP041433.1,Bacteria,0.0308356080204248
NZ_CP041620.1,Bacteria,0.0177335925400257
NZ_CP041694.1,Bacteria,0.0286492425948381
NZ_CP041702.1,Bacteria,0.0669988021254539
NZ_CP041711.1,Bacteria,0.0702487826347351
NZ_CP041738.1,Bacteria,0.0755353793501854
NZ_CP041773.1,Bacteria,0.027564201503992
NZ_CP041919.1,Bacteria,0.0211569927632808
NZ_CP041925.1,Bacteria,0.0293941497802734
NZ_CP041927.1,Bacteria,0.0700883120298385
NZ_CP041961.1,Bacteria,0.013759696856141
NZ_CP041970.1,Bacteria,0.0374985001981258
NZ_CP041976.1,Bacteria,0.0276031009852886
NZ_CP042043.1,Bacteria,0.0877467915415763
NZ_CP042161.1,Bacteria,0.157804086804389
NZ_CP042173.1,Bacteria,0.0489224083721637
NZ_CP042218.1,Bacteria,0.0323746874928474
NZ_CP042246.1,Bacteria,0.0368335992097854
NZ_CP042250.1,Bacteria,0.0368290282785892
NZ_CP042252.1,Bacteria,0.0697561129927635
NZ_CP042274.1,Bacteria,0.024642813950777
NZ_CP042286.1,Bacteria,0.0625056847929954
NZ_CP042324.1,Bacteria,0.0357635505497455
NZ_CP042392.1,Bacteria,0.0490086823701858
NZ_CP042418.1,Bacteria,0.119919061660766
NZ_CP042431.1,Bacteria,0.0401777364313602
NZ_CP042450.1,Bacteria,0.121639020740985
NZ_CP042478.1,Bacteria,0.0391132719814777
NZ_CP042520.1,Bacteria,0.0607488267123699
NZ_CP042540.1,Bacteria,0.0308415107429027
NZ_CP042551.1,Bacteria,0.0573873110115528
NZ_CP042818.1,Bacteria,0.165115132927894
NZ_CP042858.1,Bacteria,0.0789589062333107
NZ_CP042862.1,Bacteria,0.0428816005587577
NZ_CP042882.1,Bacteria,0.0629708617925643
NZ_CP042907.1,Bacteria,0.0330397300422191
NZ_CP042941.1,Bacteria,0.0127328867092728
NZ_CP042993.1,Bacteria,0.0996303409337997
NZ_CP043002.1,Bacteria,0.0460172034800052
NZ_CP043033.1,Bacteria,0.0157088488340377
NZ_CP043063.1,Bacteria,0.00373064656741917
NZ_CP043074.1,Bacteria,0.00400041323155164
NZ_CP043077.1,Bacteria,0.00508788181468844
NZ_CP043079.1,Bacteria,0.0036925827153027
NZ_CP043080.1,Bacteria,0.0225605424493551
NZ_CP043091.1,Bacteria,0.00433237710967659
NZ_CP043120.1,Bacteria,0.00351798417977988
NZ_CP043128.1,Bacteria,0.0244058910757303
NZ_CP043144.1,Bacteria,0.00413891952484846
NZ_CP043155.1,Bacteria,0.00406722538173198
NZ_CP043165.1,Bacteria,0.00409348541870713
NZ_CP043225.1,Bacteria,0.0307356677949428
NZ_CP043396.1,Bacteria,0.0408214665949344
NZ_CP043400.1,Bacteria,0.0242197085171937
NZ_CP043478.1,Bacteria,0.0386833250522613
NZ_CP043558.1,Bacteria,0.0867040529847145
NZ_CP043562.1,Bacteria,0.0574843920767307
NZ_CP043626.1,Bacteria,0.0423484370112419
NZ_CP043763.1,Bacteria,0.0250616632401943
NZ_CP043816.1,Bacteria,0.0416469164192676
NZ_CP043857.1,Bacteria,0.281070590019226
NZ_CP044039.1,Bacteria,0.0547054298222065
NZ_CP044063.1,Bacteria,0.143494144082069
NZ_CP044083.1,Bacteria,0.0298149343580007
NZ_CP044109.1,Bacteria,0.0502949953079223
NZ_CP044119.1,Bacteria,0.123202189803123
NZ_CP044136.1,Bacteria,0.0261458680033683
NZ_CP044145.1,Bacteria,0.0573547445237636
NZ_CP044228.1,Bacteria,0.100000292062759
NZ_CP044257.1,Bacteria,0.0217070076614618
NZ_CP044258.1,Bacteria,0.0744697451591491
NZ_CP044331.1,Bacteria,0.0315310657024383
NZ_CP044492.1,Bacteria,0.159606099128723
NZ_CP044495.1,Bacteria,0.172973439097404
NZ_CP044496.1,Bacteria,0.0936713218688964
NZ_CP044957.1,Bacteria,0.0190136656165123
NZ_CP045007.1,Bacteria,0.0417240560054779
NZ_CP045035.1,Bacteria,0.16178523004055
NZ_CP045048.1,Bacteria,0.0496179200708866
NZ_CP045084.1,Bacteria,0.0728644281625747
NZ_CP045086.1,Bacteria,0.083407424390316
NZ_CP045087.1,Bacteria,0.0523129366338253
NZ_CP045129.1,Bacteria,0.018397431820631
NZ_CP045236.1,Bacteria,0.0376400463283062
NZ_CP045263.1,Bacteria,0.0766651332378387
NZ_CP045468.1,Bacteria,0.0798301175236702
NZ_CP045552.2,Bacteria,0.0411622300744056
NZ_CP045674.1,Bacteria,0.0540175624191761
NZ_CP045747.1,Bacteria,0.0338541679084301
NZ_CP045759.1,Bacteria,0.0117425620555877
NZ_CP045826.1,Bacteria,0.0496122203767299
NZ_CP045871.1,Bacteria,0.0681181475520134
NZ_CP045922.1,Bacteria,0.0465339608490467
NZ_CP045949.1,Bacteria,0.0213976949453353
NZ_CP046040.1,Bacteria,0.275139778852462
NZ_CP046042.2,Bacteria,0.279408186674118
NZ_CP046243.1,Bacteria,0.0506326407194137
NZ_CP046267.1,Bacteria,0.0974915027618408
NZ_CP046271.1,Bacteria,0.0369985587894916
NZ_CP046308.1,Bacteria,0.047461275011301
NZ_CP046309.1,Bacteria,0.0487117581069469
NZ_CP046314.1,Bacteria,0.285384386777877
NZ_CP046317.1,Bacteria,0.0349915213882923
NZ_CP046338.1,Bacteria,0.0297505427151918
NZ_CP046390.1,Bacteria,0.105034686625003
NZ_CP046392.1,Bacteria,0.0375996679067611
NZ_CP046411.1,Bacteria,0.16296774148941
NZ_CP046424.1,Bacteria,0.0386434160172939
NZ_CP046602.1,Bacteria,0.0204207878559827
NZ_CP046629.1,Bacteria,0.218195036053657
NZ_CP046722.1,Bacteria,0.0264573264867067
NZ_CP046731.1,Bacteria,0.242689743638038
NZ_CP046737.1,Bacteria,0.046059887856245
NZ_CP046740.1,Bacteria,0.0507334694266319
NZ_CP046742.1,Bacteria,0.0493668615818023
NZ_CP046753.1,Bacteria,0.142099931836128
NZ_CP046763.1,Bacteria,0.148390144109725
NZ_CP046780.1,Bacteria,0.136071920394897
NZ_CP046786.1,Bacteria,0.138989150524139
NZ_CP046791.1,Bacteria,0.0861789658665657
NZ_CP046805.1,Bacteria,0.130008667707443
NZ_CP046812.1,Bacteria,0.383513063192367
NZ_CP046839.1,Bacteria,0.0534677021205425
NZ_CP046857.1,Bacteria,0.0541397705674171
NZ_CP046862.1,Bacteria,0.237519234418869
NZ_CP046863.1,Bacteria,0.242408916354179
NZ_CP046908.1,Bacteria,0.0165812261402606
NZ_CP046934.1,Bacteria,0.238162621855735
NZ_CP046938.1,Bacteria,0.124355435371398
NZ_CP047051.1,Bacteria,0.0363783501088619
NZ_CP047073.1,Bacteria,0.0413515418767929
NZ_CP047180.1,Bacteria,0.0263187084347009
NZ_CP047321.1,Bacteria,0.0905126929283142
NZ_CP047325.1,Bacteria,0.0433197878301143
NZ_CP047360.1,Bacteria,0.0503543578088283
NZ_CP047682.1,Bacteria,0.0299598351120948
NZ_CP047688.1,Bacteria,0.0305188708007335
NZ_CP047777.1,Bacteria,0.0744544565677642
NZ_CP047800.1,Bacteria,0.0774334445595741
NZ_CP047807.1,Bacteria,0.0677984952926635
NZ_CP047826.1,Bacteria,0.0643160939216613
NZ_CP047841.1,Bacteria,0.0699987038969993
NZ_CP047859.1,Bacteria,0.0858690291643142
NZ_CP048002.1,Bacteria,0.0476580783724784
NZ_CP048039.1,Bacteria,0.045957650989294
NZ_CP048051.1,Bacteria,0.019734950736165
NZ_CP048116.1,Bacteria,0.022123260423541
NZ_CP048330.1,Bacteria,0.0243355985730886
NZ_CP048359.1,Bacteria,0.0230378434062004
NZ_CP048382.1,Bacteria,0.0316189713776111
NZ_CP048401.1,Bacteria,0.0604160465300083
NZ_CP048438.1,Bacteria,0.042847704142332
NZ_CP048439.1,Bacteria,0.0138500751927495
NZ_CP048617.1,Bacteria,0.422444611787796
NZ_CP048693.1,Bacteria,0.140743523836135
NZ_CP048837.1,Bacteria,0.050201416015625
NZ_CP048838.1,Bacteria,0.0503946058452129
NZ_CP048852.1,Bacteria,0.0559116415679454
NZ_CP049204.1,Bacteria,0.0165839362889528
NZ_CP049205.1,Bacteria,0.0137376673519611
NZ_CP049241.1,Bacteria,0.018323890864849
NZ_CP049329.1,Bacteria,0.254774153232574
NZ_CP049348.1,Bacteria,0.0146888419985771
NZ_CP049799.1,Bacteria,0.23546952009201
NZ_CP049942.1,Bacteria,0.0286651588976383
NZ_CP050012.1,Bacteria,0.0278608910739421
NZ_CP050073.1,Bacteria,0.0497419871389865
NZ_CP050135.1,Bacteria,0.0532970055937767
NZ_CP050242.1,Bacteria,0.0254908427596092
NZ_CP050313.1,Bacteria,0.0318926163017749
NZ_CP050322.1,Bacteria,0.0217985641211271
NZ_CP050334.1,Bacteria,0.0141179226338863
NZ_CP050523.1,Bacteria,0.0476753339171409
NZ_CP050650.1,Bacteria,0.0956043750047683
NZ_CP050691.1,Bacteria,0.0725888609886169
NZ_CP050706.1,Bacteria,0.0148785207420587
NZ_CP050726.1,Bacteria,0.0229850951582193
NZ_CP050810.1,Bacteria,0.19972813129425
NZ_CP051011.1,Bacteria,0.0439699254930019
NZ_CP051269.1,Bacteria,0.0292306579649448
NZ_CP051460.1,Bacteria,0.012824292294681
NZ_CP051481.1,Bacteria,0.318726629018783
NZ_CP051636.1,Bacteria,0.148939535021781
NZ_CP051698.1,Bacteria,0.0149081945419311
NZ_CP051714.1,Bacteria,0.019177870824933
NZ_CP051751.1,Bacteria,0.0198593884706497
NZ_CP051860.2,Bacteria,0.0528712719678878
NZ_CP051866.1,Bacteria,0.038375586271286
NZ_CP052088.1,Bacteria,0.040882870554924
NZ_CP052094.1,Bacteria,0.0281168110668659
NZ_CP052124.1,Bacteria,0.0266368500888347
NZ_CP052133.1,Bacteria,0.0219175275415182
NZ_CP052852.1,Bacteria,0.0225987844169139
NZ_CP053044.1,Bacteria,0.0377062149345874
NZ_CP053205.2,Bacteria,0.0232895612716674
NZ_CP053281.1,Bacteria,0.0273435749113559
NZ_CP053293.1,Phage,0.512919008731842
NZ_CP053364.1,Bacteria,0.0782510414719581
NZ_CP053416.1,Bacteria,0.0156461596488952
NZ_CP053417.1,Bacteria,0.0135291498154401
NZ_CP053541.1,Bacteria,0.146439656615257
NZ_CP053571.1,Bacteria,0.0861267000436782
NZ_CP053614.1,Bacteria,0.0328291319310665
NZ_CP053616.1,Bacteria,0.0411493889987468
NZ_CP053640.1,Bacteria,0.0943828597664833
NZ_CP053730.1,Bacteria,0.0153425745666027
NZ_CP053799.1,Bacteria,0.0655451267957687
NZ_CP053810.1,Bacteria,0.0508326701819896
NZ_CP053830.1,Bacteria,0.0603844113647937
NZ_CP053856.1,Bacteria,0.0239999908953905
NZ_CP053912.1,Bacteria,0.0875447615981102
NZ_CP053998.1,Bacteria,0.121096894145011
NZ_CP054049.1,Bacteria,0.0568137131631374
NZ_CP054198.1,Bacteria,0.127900645136833
NZ_CP054440.1,Bacteria,0.073856420814991
NZ_CP054472.1,Bacteria,0.0183473210781812
NZ_CP054479.1,Bacteria,0.047920748591423
NZ_CP054912.1,Bacteria,0.0402497425675392
NZ_CP054913.1,Bacteria,0.0293257813900709
NZ_CP055142.1,Bacteria,0.156404331326484
NZ_CP056119.1,Bacteria,0.0286834742873907
